teamPosition,soloKills,championName,win,summonerName,kda,gameCreation
TOP,0,Maokai,True,Verdilaco,4,1674103442529
JUNGLE,1,Kayn,True,Gillerd,15.5,1674103442529
MIDDLE,4,Akali,True,Lucifer exe,3.5714285714285716,1674103442529
BOTTOM,0,Nilah,True,ShadeTheBaller,2,1674103442529
UTILITY,1,Morgana,True,Bean45,3.2857142857142856,1674103442529
TOP,1,Malphite,False,Hejibai,1.4285714285714286,1674103442529
JUNGLE,1,Mordekaiser,False,w6f,1.5714285714285714,1674103442529
MIDDLE,1,Qiyana,False,Exarch11,1.4444444444444444,1674103442529
BOTTOM,3,Swain,False,lemonpiecer,2.111111111111111,1674103442529
UTILITY,1,Ekko,False,y0urstruly,1.6666666666666667,1674103442529
TOP,4,Sion,True,Erenn Yeager,1.5,1674100400190
JUNGLE,0,Jax,True,shabanger,1.9090909090909092,1674100400190
MIDDLE,4,Swain,True,Creampie Plus,2.4,1674100400190
BOTTOM,1,Jhin,True,Serpent Sin Envy,1.7,1674100400190
UTILITY,1,Pyke,True,HelpinOut,1.7142857142857142,1674100400190
TOP,3,Rammus,False,bilojeremy,1.3333333333333333,1674100400190
JUNGLE,12,Evelynn,False,w6f,6.833333333333333,1674100400190
MIDDLE,0,Kaisa,False,st is god,2.1,1674100400190
BOTTOM,1,Caitlyn,False,nyangz,2.75,1674100400190
UTILITY,0,Zilean,False,Hugh Plooth,1.5454545454545454,1674100400190
MIDDLE,1,Annie,True,koreankimbapkim,5.5,1674096557946
JUNGLE,2,Diana,True,w6f,3,1674096557946
TOP,4,Mordekaiser,True,LuluFeetSniffer,6,1674096557946
BOTTOM,1,Lucian,True,Rot nao kia ,19,1674096557946
UTILITY,1,Lux,True,Venim666,20,1674096557946
TOP,0,Volibear,False,Hot Corner,1.5,1674096557946
JUNGLE,3,MasterYi,False,GuwopBurr,1.2,1674096557946
MIDDLE,0,Yasuo,False,AysoQC,0.5714285714285714,1674096557946
BOTTOM,0,MissFortune,False,SassyMoan,0.3333333333333333,1674096557946
UTILITY,0,Rell,False,LULUXIU520,0.4444444444444444,1674096557946
TOP,3,Aatrox,True,CringeProducer,2.7777777777777777,1674093887308
JUNGLE,0,Udyr,True,JohnBob1001,2.1,1674093887308
MIDDLE,0,Sion,True,RealTesstickle,2.4285714285714284,1674093887308
BOTTOM,4,Ezreal,True,Ðark King,3.4444444444444446,1674093887308
UTILITY,0,Brand,True,BigChestAsian,3.5,1674093887308
TOP,5,Mordekaiser,False,Brashboar,2.7,1674093887308
JUNGLE,0,Amumu,False,w6f,1.8888888888888888,1674093887308
MIDDLE,6,Akali,False,mybackiswet,5.25,1674093887308
BOTTOM,0,Tristana,False,unloved26,1.6666666666666667,1674093887308
UTILITY,0,Blitzcrank,False,MannyKnowsYou,1.4545454545454546,1674093887308
TOP,3,Shyvana,False,MediumClocked,1.5,1674090911100
JUNGLE,0,Hecarim,False,jto11whitesox,3,1674090911100
MIDDLE,5,Talon,False,YerryMTG,1.6,1674090911100
BOTTOM,1,Jinx,False,Dunk On You,3,1674090911100
UTILITY,1,Morgana,False,juicybadger,2.25,1674090911100
TOP,5,Mordekaiser,True,massilhad,4,1674090911100
JUNGLE,0,Amumu,True,w6f,3.75,1674090911100
MIDDLE,3,Kassadin,True,Solœ,5.25,1674090911100
BOTTOM,0,Jhin,True,MasterAuditore,1.375,1674090911100
UTILITY,3,Twitch,True,Jhin n Juiceee,1.2307692307692308,1674090911100
TOP,0,Sett,False,koyshaiya,1.2857142857142858,1674015062965
JUNGLE,2,Maokai,False,Fee1ing Me,7.5,1674015062965
MIDDLE,1,Vex,False,BokettoSky,1.5384615384615385,1674015062965
BOTTOM,0,Teemo,False,squidp,2.7142857142857144,1674015062965
UTILITY,0,Nami,False,Susieuwu,6.75,1674015062965
TOP,4,MonkeyKing,True,Ring My balls,7,1674015062965
JUNGLE,0,Amumu,True,w6f,5.25,1674015062965
MIDDLE,6,Twitch,True,robocop2006,2.5555555555555554,1674015062965
BOTTOM,0,Caitlyn,True,Don Queefador,2.2222222222222223,1674015062965
UTILITY,0,Sona,True,ZephyrusPraetor,2.3,1674015062965
TOP,2,Teemo,True,çleançharlie,10,1674007051338
JUNGLE,0,MonkeyKing,True,Sazerac Singed,1.5,1674007051338
MIDDLE,1,Lux,True,Jaegerdes,13,1674007051338
BOTTOM,0,Tristana,True,Reitzuu,0.3333333333333333,1674007051338
UTILITY,0,Pyke,True,Ÿòñê,2.75,1674007051338
TOP,0,Shen,False,Nashiro,2.25,1674007051338
JUNGLE,3,Diana,False,w6f,2.25,1674007051338
MIDDLE,0,Sett,False,SkieMask,1.2,1674007051338
BOTTOM,0,Nilah,False,SARUJIO,3,1674007051338
UTILITY,0,Taric,False,nahdawg101,14,1674007051338
TOP,1,Urgot,False,Jkawako,1.25,1673933321173
JUNGLE,2,Diana,False,w6f,4.5,1673933321173
MIDDLE,0,Ahri,False,ØVîvkêråŸýûrµkå,1.2,1673933321173
BOTTOM,4,Lucian,False,Ryduh,1.25,1673933321173
UTILITY,0,Rakan,False,Jpierceruzy,1,1673933321173
TOP,2,Darius,True,DYD1573,5.5,1673933321173
JUNGLE,0,Ivern,True,2Bush1Daisy,2.4,1673933321173
MIDDLE,5,Veigar,True,KOBY TEETH,3.5,1673933321173
BOTTOM,2,Varus,True,Retaiorm,0.8888888888888888,1673933321173
UTILITY,0,Nami,True,Harajuku Bryce ,14,1673933321173
TOP,1,Jax,False,Frizzy350,1.3333333333333333,1673928300081
JUNGLE,3,Belveth,False,w6f,4,1673928300081
MIDDLE,1,Swain,False,043Akali,0.625,1673928300081
BOTTOM,0,Jhin,False,Goth Magnet,2.4285714285714284,1673928300081
UTILITY,1,Brand,False,Big Strong Kid,1.7777777777777777,1673928300081
TOP,1,Ornn,True,Axentie,2.3333333333333335,1673928300081
JUNGLE,2,Hecarim,True,VEGGIETALES 1v9,4.8,1673928300081
MIDDLE,3,Ryze,True,Jaxon19,2.8,1673928300081
BOTTOM,1,Nilah,True,tai saooo,2.2857142857142856,1673928300081
UTILITY,0,Janna,True,VioletMooni,2,1673928300081
TOP,2,KSante,False,KRtrust,1.3333333333333333,1673926330693
JUNGLE,0,Amumu,False,w6f,2.4,1673926330693
MIDDLE,3,Kindred,False,cole m 16,2.1666666666666665,1673926330693
BOTTOM,0,Ezreal,False,Hiimcroke07,0.875,1673926330693
UTILITY,0,Maokai,False,VioletMooni,0.8,1673926330693
TOP,2,Volibear,True,Pompeit3K,2.75,1673926330693
JUNGLE,3,Belveth,True,McRiggle,5,1673926330693
MIDDLE,0,Katarina,True,RedRibbonBisco,2,1673926330693
BOTTOM,2,Ashe,True,ericlin112807,7.333333333333333,1673926330693
UTILITY,0,Zyra,True,Shadoheroine,9.5,1673926330693
TOP,0,Urgot,False,PandaPsychosis,0,1673903327577
JUNGLE,1,Mordekaiser,False,w6f,2,1673903327577
MIDDLE,0,Ryze,False,L9 FANCLUB PREZ,1,1673903327577
BOTTOM,0,Xayah,False,Syrinx,0.3333333333333333,1673903327577
UTILITY,0,Twitch,False,PojoQRustarian3,0.18181818181818182,1673903327577
TOP,4,Graves,True,bqlst,6,1673903327577
JUNGLE,1,Warwick,True,taken4granted,9,1673903327577
MIDDLE,0,Orianna,True,pwoks,3,1673903327577
BOTTOM,0,Pyke,True,toelover456,17,1673903327577
UTILITY,1,Lux,True,NerdingheimOppa,9,1673903327577
TOP,0,Gnar,True,TheeFishh,1.5,1673900243288
JUNGLE,1,Amumu,True,w6f,3.4444444444444446,1673900243288
MIDDLE,0,Sylas,True,JollyyD,2,1673900243288
BOTTOM,1,Sivir,True,Jayce NA,6,1673900243288
UTILITY,0,Thresh,True,Grugpulls,7.6,1673900243288
TOP,6,Teemo,False,Conaldida,3.3,1673900243288
JUNGLE,0,Olaf,False,Ghostere,2,1673900243288
MIDDLE,6,Kassadin,False,ZaNab,3.4285714285714284,1673900243288
BOTTOM,1,Vayne,False,itsNOTjimmy,0.9090909090909091,1673900243288
UTILITY,0,Sett,False,OdeletteDul,2.0833333333333335,1673900243288
TOP,3,Yorick,True,Chaehwa,2.5,1673849438063
JUNGLE,3,Evelynn,True,w6f,3.5,1673849438063
MIDDLE,1,Syndra,True,PAÐO,2.6666666666666665,1673849438063
BOTTOM,3,MissFortune,True,Juvari,3.8333333333333335,1673849438063
UTILITY,0,Xerath,True,Zooodasa,1.4,1673849438063
TOP,1,Darius,False,luckyduckyftw,1,1673849438063
JUNGLE,2,Pantheon,False,krsu,5,1673849438063
MIDDLE,3,Sylas,False,Hel,1.8888888888888888,1673849438063
BOTTOM,0,Tristana,False,cantabile0902,1.625,1673849438063
UTILITY,1,Lux,False,Rooking,1.6,1673849438063
TOP,1,Fiora,False,udicia,0.3333333333333333,1673847202446
JUNGLE,1,Mordekaiser,False,w6f,3.3333333333333335,1673847202446
MIDDLE,0,Anivia,False,That Ratchet,1,1673847202446
BOTTOM,0,Kaisa,False,thebroodmother,0.4166666666666667,1673847202446
UTILITY,1,Morgana,False,ravenous egirl,1.125,1673847202446
TOP,1,Irelia,True,yNot Trip,1.5,1673847202446
JUNGLE,0,Nunu,True,Merkoboomer,6.25,1673847202446
MIDDLE,1,Syndra,True,Sorrym8ker,7,1673847202446
BOTTOM,0,Samira,True,Dolphtato,7.25,1673847202446
UTILITY,0,Nautilus,True,AGENT BIGS,13,1673847202446
TOP,2,Illaoi,True,AUUNWZS,3,1673844745072
JUNGLE,0,Diana,True,w6f,6,1673844745072
MIDDLE,0,Ahri,True,Vakama27,6,1673844745072
BOTTOM,1,Xayah,True,DrDoofinShmirts,4.333333333333333,1673844745072
UTILITY,0,Leona,True,Cruxics,6,1673844745072
TOP,0,Kayle,False,Heartcutter,0.5,1673844745072
JUNGLE,0,Graves,False,AnnloveMango,1.5,1673844745072
MIDDLE,1,Vex,False,epicpower6,1.6666666666666667,1673844745072
BOTTOM,0,Lucian,False,Jax Daniel,0.6,1673844745072
UTILITY,1,Nautilus,False,KJ408,0.8333333333333334,1673844745072
TOP,0,Illaoi,False,AUUNWZS,1,1673842672818
JUNGLE,1,Evelynn,False,AN1MEB1T1ES,1.75,1673842672818
MIDDLE,4,Akshan,False,VeryEz,0.7777777777777778,1673842672818
BOTTOM,3,Aphelios,False,Jayfrozty,2,1673842672818
UTILITY,0,Heimerdinger,False,NEWBIE0927,1.25,1673842672818
TOP,2,Renekton,True,glooppp,4,1673842672818
JUNGLE,0,Diana,True,w6f,2.3333333333333335,1673842672818
MIDDLE,3,Swain,True,TheSouk,7.5,1673842672818
BOTTOM,0,Ezreal,True,a55destroyer420x,2.5,1673842672818
UTILITY,1,Twitch,True,DAT ASS TH0,1.5,1673842672818
TOP,2,Jayce,False,xXGokufan32Xx,0.8,1673840388585
JUNGLE,3,Mordekaiser,False,w6f,9,1673840388585
MIDDLE,1,Viktor,False,this cat is q,0.6,1673840388585
BOTTOM,0,Xayah,False,LazSync,0.5555555555555556,1673840388585
UTILITY,0,Rakan,False,Tellings,0.5,1673840388585
TOP,2,Udyr,True,FF15 Please,1.3333333333333333,1673840388585
JUNGLE,1,Maokai,True,Zerru,15,1673840388585
MIDDLE,5,Lux,True,PowerFox1,2.25,1673840388585
BOTTOM,1,Samira,True,IdkCarryme,3.75,1673840388585
UTILITY,0,Leona,True,Pretty Peni,3.6666666666666665,1673840388585
TOP,0,Urgot,False,kasidon8,0.6,1673837849357
JUNGLE,1,Jinx,False,TDGperson,1,1673837849357
MIDDLE,0,Ziggs,False,Only ZiggsZag,0.42857142857142855,1673837849357
BOTTOM,2,Karthus,False,Ugh ADAM,0.5833333333333334,1673837849357
UTILITY,0,Zilean,False,GiggIeSticks,0.5714285714285714,1673837849357
TOP,2,Gangplank,True,Stormbreaker105,3.75,1673837849357
JUNGLE,2,Diana,True,w6f,6.666666666666667,1673837849357
MIDDLE,5,Akali,True,Bluffed8,7,1673837849357
BOTTOM,0,Ashe,True,The Gekco,11,1673837849357
UTILITY,0,Thresh,True,PrincessAndr,11.5,1673837849357
TOP,2,Karma,False,peelix,1,1673836261001
JUNGLE,1,Amumu,False,w6f,1.3333333333333333,1673836261001
MIDDLE,0,Zed,False,Falco Bonz,2,1673836261001
BOTTOM,1,Jhin,False,PoonSlayer017,0.7142857142857143,1673836261001
UTILITY,0,Blitzcrank,False,AKATSUKIxKILLER,0.6666666666666666,1673836261001
TOP,5,Sion,True,SteezyThay,1.25,1673836261001
JUNGLE,2,Diana,True,Who Decided That,11,1673836261001
MIDDLE,0,Kassadin,True,JoochiTee,1,1673836261001
BOTTOM,4,Ezreal,True,BooBooKeys,3.25,1673836261001
UTILITY,0,Senna,True,Webbeast,4.5,1673836261001
TOP,1,Varus,True,dontkillmeimgay,0.5,1673835016989
JUNGLE,0,Kindred,True,BooBooKeys,2,1673835016989
MIDDLE,2,Graves,True,BUGGA19,3,1673835016989
BOTTOM,2,Ezreal,True,EthanPingPong Yt,14,1673835016989
UTILITY,0,Swain,True,kevinjzx,6,1673835016989
TOP,0,Malphite,False,TeemoTouchesYou,1,1673835016989
JUNGLE,0,Evelynn,False,w6f,0.6666666666666666,1673835016989
MIDDLE,1,MonkeyKing,False,Tortoise Sage,1,1673835016989
BOTTOM,0,Caitlyn,False,iKnArF,0.2,1673835016989
UTILITY,1,TahmKench,False,Buddy Bundler,0.6666666666666666,1673835016989
TOP,3,Gnar,False,ztm14,1,1673833007250
JUNGLE,0,Khazix,False,D4NKN4,1.4,1673833007250
MIDDLE,0,Syndra,False,Esenei,0.42857142857142855,1673833007250
BOTTOM,0,Jhin,False,xGhostEyEs,0.42857142857142855,1673833007250
UTILITY,0,Morgana,False,EmoGoat,0.7142857142857143,1673833007250
TOP,1,DrMundo,True,PROFxFinessor,3,1673833007250
JUNGLE,0,Amumu,True,w6f,8,1673833007250
MIDDLE,0,Kassadin,True,Meat Rolled,13,1673833007250
BOTTOM,1,Kaisa,True,SØNG,19,1673833007250
UTILITY,0,Soraka,True,Nightmaresolar,8.333333333333334,1673833007250
TOP,1,Olaf,True,GhostNietzsche,1.8,1673760969421
JUNGLE,0,Amumu,True,w6f,7.333333333333333,1673760969421
MIDDLE,6,Fizz,True,drewhaks,3,1673760969421
BOTTOM,1,Twitch,True,timmchi7,23,1673760969421
UTILITY,0,Lux,True,Squiggly Squwu,2.857142857142857,1673760969421
TOP,1,Kayle,False,Vulcary,5.75,1673760969421
JUNGLE,0,Rammus,False,a happy cat,3,1673760969421
MIDDLE,1,Veigar,False,Mustbechewy,1.4545454545454546,1673760969421
BOTTOM,0,Jhin,False,Mr Panckakes,3.142857142857143,1673760969421
UTILITY,0,Maokai,False,devilwearsorange,1.7,1673760969421
TOP,2,Vladimir,False,KINGAC3,0.6666666666666666,1673758881544
JUNGLE,2,Warwick,False,siuhaucha,0.6363636363636364,1673758881544
MIDDLE,0,Katarina,False,big4speed,0.6666666666666666,1673758881544
BOTTOM,1,Tristana,False,Niotic,0.3333333333333333,1673758881544
UTILITY,0,Xerath,False,BaalRaiku,0.8333333333333334,1673758881544
TOP,4,Akali,True,Neo High on Kush,19,1673758881544
JUNGLE,0,Evelynn,True,w6f,3,1673758881544
MIDDLE,1,Galio,True,Chowchow Dad,16,1673758881544
BOTTOM,4,Twitch,True,Neverwasthe1,11,1673758881544
UTILITY,0,Thresh,True,pooty cheeks,8,1673758881544
TOP,0,Teemo,False,Damona,0.75,1673756974258
JUNGLE,2,Talon,False,Moish,1.2222222222222223,1673756974258
MIDDLE,0,Illaoi,False,Viridian Sun,0.6666666666666666,1673756974258
BOTTOM,3,Samira,False,Burning Hunger,1.7142857142857142,1673756974258
UTILITY,0,Nautilus,False,wowzers,1.8333333333333333,1673756974258
TOP,2,Jax,True,Trippy562,2,1673756974258
JUNGLE,3,Mordekaiser,True,w6f,5.333333333333333,1673756974258
MIDDLE,3,Irelia,True,360TickZ,3.6,1673756974258
BOTTOM,1,Jhin,True,oslo42,4.5,1673756974258
UTILITY,0,Ashe,True,True Pasta,3.4,1673756974258
TOP,1,Jax,False,Sting of the Bee,1.5555555555555556,1673754848772
JUNGLE,1,Sejuani,False,w6f,4,1673754848772
MIDDLE,1,Zoe,False,DurkaDurr,2.3333333333333335,1673754848772
BOTTOM,0,Kaisa,False,I Always Dié,2.9,1673754848772
UTILITY,0,Leona,False,Yesuna,3,1673754848772
TOP,5,Illaoi,True,AndyY327,1.6,1673754848772
JUNGLE,4,Maokai,True,ASM Omega,5.2,1673754848772
MIDDLE,4,Diana,True,EmzyLoL,3.8,1673754848772
BOTTOM,0,Vayne,True,TeeMoVeig,1.6363636363636365,1673754848772
UTILITY,0,Blitzcrank,True,thearrc,1.6666666666666667,1673754848772
TOP,3,Garen,True,DAYEisSHABI,2.3333333333333335,1673752541969
JUNGLE,2,Evelynn,True,w6f,20,1673752541969
MIDDLE,4,Talon,True,PrudenceSC,5.333333333333333,1673752541969
BOTTOM,2,Ezreal,True,Ëndër,3.25,1673752541969
UTILITY,0,Nami,True,tunnelfish,7,1673752541969
TOP,3,Nasus,False,THICC COOMer,1,1673752541969
JUNGLE,2,Elise,False,VoteforSchwanz,1.2,1673752541969
MIDDLE,2,Gangplank,False,dont bark to me,0.3333333333333333,1673752541969
BOTTOM,0,Ashe,False,powergundam02,0.4444444444444444,1673752541969
UTILITY,0,Lux,False,Ice Cold Soul,1,1673752541969
TOP,0,Kled,False,MistaahSandman,3.75,1673746138993
JUNGLE,0,Amumu,False,w6f,5.666666666666667,1673746138993
MIDDLE,2,Zed,False,hrmove,2.375,1673746138993
BOTTOM,0,Caitlyn,False,KrewKong,2.7142857142857144,1673746138993
UTILITY,2,Heimerdinger,False,One Cheap Hooker,2,1673746138993
TOP,2,Illaoi,True,ZIMZAMdaMAN,1.5,1673746138993
JUNGLE,0,Volibear,True,Spertmen,4,1673746138993
MIDDLE,2,Vex,True,Takoyaki Joa,1.6,1673746138993
BOTTOM,0,Twitch,True,RichardPunch,4.75,1673746138993
UTILITY,0,Thresh,True,DevinwSe,4,1673746138993
TOP,0,Irelia,False,Spaarky,0.1,1673744462031
JUNGLE,1,Amumu,False,w6f,2,1673744462031
MIDDLE,1,Lux,False,FluidicCircuitry,0.75,1673744462031
BOTTOM,0,Draven,False,Fioragasm,0.5,1673744462031
UTILITY,0,Nautilus,False,RushDownRivals ,0.5,1673744462031
TOP,7,Illaoi,True,J2S0N,11,1673744462031
JUNGLE,0,XinZhao,True,kusnow,12,1673744462031
MIDDLE,1,Anivia,True,schmalou,9,1673744462031
BOTTOM,1,Tristana,True,Are You A Simp,6.5,1673744462031
UTILITY,0,Janna,True,Solanee,15,1673744462031
TOP,0,DrMundo,False,bhop player,0,1673729387174
JUNGLE,0,Mordekaiser,False,w6f,0,1673729387174
MIDDLE,0,Qiyana,False,mmmmmmmmmmmmm,0,1673729387174
BOTTOM,0,Lucian,False,FamilyDanny,0,1673729387174
UTILITY,0,Nami,False,Aris121,0,1673729387174
TOP,2,Sett,True,AtlasWrecksz6,5,1673729387174
JUNGLE,1,Evelynn,True,BENWINS,8,1673729387174
MIDDLE,4,Syndra,True,CowSiGuan,7,1673729387174
BOTTOM,0,Jinx,True,QYBxBoogie,3,1673729387174
UTILITY,0,Yuumi,True,Yuumi with a Gun,3,1673729387174
TOP,4,Jax,True,RayVision01,1.7142857142857142,1673727457768
JUNGLE,1,Amumu,True,w6f,6.5,1673727457768
MIDDLE,0,Diana,True,persueder,1.8333333333333333,1673727457768
BOTTOM,3,MissFortune,True,hvhkv hv,7,1673727457768
UTILITY,1,Twitch,True,Best Split NA,4,1673727457768
TOP,2,Teemo,False,ItsJaymayy,0.8888888888888888,1673727457768
JUNGLE,2,Pantheon,False,Yasuonetrick,2.3333333333333335,1673727457768
MIDDLE,3,Neeko,False,Mage Unit,1.75,1673727457768
BOTTOM,0,Lucian,False,FamilyDanny,0.8888888888888888,1673727457768
UTILITY,0,Senna,False,sdfadazxfcvz,0.9,1673727457768
TOP,1,Nasus,False,Strawhat Odin,0.14285714285714285,1673725511807
JUNGLE,0,Warwick,False,wolràm,1.1,1673725511807
MIDDLE,0,Lissandra,False,Gutzology,3,1673725511807
BOTTOM,0,Tristana,False,ishyshy,4.333333333333333,1673725511807
UTILITY,0,Thresh,False,Happy Snorlax,1.5714285714285714,1673725511807
TOP,4,Tryndamere,True,Zarachi,8,1673725511807
JUNGLE,0,Amumu,True,w6f,7,1673725511807
MIDDLE,2,Diana,True,friedshrimpballs,2,1673725511807
BOTTOM,0,Kaisa,True,Kités,11,1673725511807
UTILITY,0,Morgana,True,TrekkieBecky,8,1673725511807
TOP,1,Sett,False,WasItWerf,0.7,1673668226297
JUNGLE,1,Mordekaiser,False,w6f,1.4285714285714286,1673668226297
MIDDLE,0,Yorick,False,nLegend07,1.2857142857142858,1673668226297
BOTTOM,0,Samira,False,TheBorutoBukkake,1.125,1673668226297
UTILITY,0,Lux,False,leton,0.9090909090909091,1673668226297
TOP,9,Kled,True,Trzystopnie,14.5,1673668226297
JUNGLE,0,Vi,True,PenguinSauce,3.5,1673668226297
MIDDLE,1,Zoe,True,Sosnek,2.8,1673668226297
BOTTOM,1,Jhin,True,MedioMetro,5.5,1673668226297
UTILITY,0,Yuumi,True,deoreopge,26,1673668226297
TOP,3,Riven,True,JoydKz,2,1673665630548
JUNGLE,8,Evelynn,True,w6f,7.25,1673665630548
MIDDLE,2,Mordekaiser,True,ZNX,1.6,1673665630548
BOTTOM,0,Jhin,True,fakefaker0808,3,1673665630548
UTILITY,1,Swain,True,PapiChuloRaww,3.2857142857142856,1673665630548
TOP,0,Gangplank,False,OhMyGodYouInted,1.3,1673665630548
JUNGLE,0,Vi,False,BaeSik,2.111111111111111,1673665630548
MIDDLE,4,Fizz,False,8 or 9 Midgets,2.1818181818181817,1673665630548
BOTTOM,0,Sivir,False,Monsterpooty,1.8888888888888888,1673665630548
UTILITY,0,Nidalee,False,LostInWizardland,2.25,1673665630548
TOP,2,Renekton,False,BengaliNotIndian,2.2857142857142856,1673663045713
JUNGLE,0,Amumu,False,w6f,1.875,1673663045713
MIDDLE,1,Ryze,False,Sonsuahorn,5,1673663045713
BOTTOM,0,Swain,False,LittleCombat45,2.25,1673663045713
UTILITY,0,Urgot,False,Glinkkk,2.5,1673663045713
TOP,1,Sett,True,Orlane,3,1673663045713
JUNGLE,0,Nocturne,True,CrossedBaka,2.857142857142857,1673663045713
MIDDLE,0,Brand,True,Fancy06,9,1673663045713
BOTTOM,1,Lucian,True,Kythoz,2.8333333333333335,1673663045713
UTILITY,0,Soraka,True,LostInWizardland,3.8333333333333335,1673663045713
TOP,2,Urgot,False,hotshotseth,1.25,1673661075981
JUNGLE,0,Viego,False,GoldenSonGaming,0.5,1673661075981
MIDDLE,7,Sylas,False,I am a DILF,1.375,1673661075981
BOTTOM,0,Ashe,False,Slade95,0.875,1673661075981
UTILITY,0,Morgana,False,abbyxcake,1,1673661075981
TOP,1,Akali,True,Poreo Oreo,6,1673661075981
JUNGLE,0,Amumu,True,w6f,11.5,1673661075981
MIDDLE,1,Yasuo,True,Official Hex,1.3333333333333333,1673661075981
BOTTOM,2,Sivir,True,LucianUltdTupac,9,1673661075981
UTILITY,0,Nami,True,omnistone main,11.5,1673661075981
TOP,0,Shen,False,Shending Noods,0.5714285714285714,1673659272660
JUNGLE,1,Vi,False,DirtyHobbitses,1.8571428571428572,1673659272660
MIDDLE,2,Zyra,False,PandaHugs,1.1111111111111112,1673659272660
BOTTOM,0,KogMaw,False,King Crimson,0.42857142857142855,1673659272660
UTILITY,0,Leona,False,Zaphyrah,1,1673659272660
TOP,4,Nasus,True,kkeactt,12,1673659272660
JUNGLE,1,Amumu,True,w6f,18,1673659272660
MIDDLE,2,Vex,True,Quadrifoglio,2.375,1673659272660
BOTTOM,1,Vayne,True,TSM Van City,8,1673659272660
UTILITY,0,Soraka,True,SavageSHINE,3.6,1673659272660
TOP,5,Irelia,True,akiidos e girl,1.5454545454545454,1673640105403
JUNGLE,7,Mordekaiser,True,w6f,6.666666666666667,1673640105403
MIDDLE,1,Yasuo,True,CeeDeeZ,1.7777777777777777,1673640105403
BOTTOM,3,Lucian,True,WFjamrik,8.333333333333334,1673640105403
UTILITY,0,Senna,True,Aaronzonaa,3,1673640105403
TOP,3,Sion,False,rxffifuzza,1.5833333333333333,1673640105403
JUNGLE,0,Shyvana,False,69mg Metformin,2.4285714285714284,1673640105403
MIDDLE,2,Ahri,False,Márvél,1.3636363636363635,1673640105403
BOTTOM,0,Jinx,False,yuzhenyang335206,1.4285714285714286,1673640105403
UTILITY,1,Swain,False,MangoIoid,1.1538461538461537,1673640105403
TOP,5,Akali,False,JInPAiCHuSHi H,2.6666666666666665,1673637611577
JUNGLE,1,Warwick,False,scottyblue,1.3636363636363635,1673637611577
MIDDLE,5,Akshan,False,Franck323,1.6153846153846154,1673637611577
BOTTOM,0,Kaisa,False,Josh BAllen,2.7777777777777777,1673637611577
UTILITY,1,Morgana,False,Empiricalx,2.3333333333333335,1673637611577
TOP,0,Singed,True,black big daddy,1.625,1673637611577
JUNGLE,3,Amumu,True,w6f,6.75,1673637611577
MIDDLE,1,Pantheon,True,Nio Kasgami,3.1818181818181817,1673637611577
BOTTOM,0,Samira,True,TheCursedEmber,2.6,1673637611577
UTILITY,0,Senna,True,Dr J Erving,2.125,1673637611577
TOP,0,Jax,True,IceOnW,0.875,1673585724859
JUNGLE,6,Ekko,True,Haytene,14,1673585724859
MIDDLE,1,Kennen,True,Sir Ćumcise,4.333333333333333,1673585724859
BOTTOM,0,Sivir,True,War Crow,3.25,1673585724859
UTILITY,0,Nami,True,Omeganator,1.8333333333333333,1673585724859
TOP,4,Gragas,False,iloveBES,1.2,1673585724859
JUNGLE,3,Amumu,False,w6f,5,1673585724859
MIDDLE,1,Yasuo,False,KrysisLoL,0.5714285714285714,1673585724859
BOTTOM,0,Ashe,False,Sykeotic,1.6,1673585724859
UTILITY,2,Velkoz,False,Jingfu,1.4285714285714286,1673585724859
TOP,1,Riven,True,PUDDYe,1.1666666666666667,1673583968514
JUNGLE,1,MonkeyKing,True,SagwaBestFriend,4.666666666666667,1673583968514
MIDDLE,2,Kassadin,True,YasuosButtcheek,9,1673583968514
BOTTOM,0,Caitlyn,True,CairnCarry,10,1673583968514
UTILITY,0,Leona,True,REALMIGHTY300,8,1673583968514
TOP,1,Pantheon,False,Auskaria,1.3333333333333333,1673583968514
JUNGLE,0,Mordekaiser,False,w6f,2.5,1673583968514
MIDDLE,0,Yasuo,False,DarthSunTzu,1,1673583968514
BOTTOM,0,Tristana,False,RedRumRj,1.5,1673583968514
UTILITY,0,Zilean,False,Ochunsita,0.7142857142857143,1673583968514
TOP,0,Illaoi,True,Oxi Cotten,0,1673583452013
JUNGLE,0,Amumu,True,w6f,0,1673583452013
MIDDLE,1,Yasuo,True,BrokenSoulBlade,1,1673583452013
BOTTOM,0,Ezreal,True,Sykeotic,0,1673583452013
UTILITY,0,Velkoz,True,poopiejenkins,0,1673583452013
,0,Nasus,False,poiks,0,1673583452013
JUNGLE,0,Nocturne,False,xJØKER,0,1673583452013
MIDDLE,1,Akali,False,sugarmamma,1,1673583452013
BOTTOM,0,Kaisa,False,Devayne,1,1673583452013
UTILITY,0,RekSai,False,Dıø,1,1673583452013
TOP,1,TahmKench,True,Flokiii,1,1673581351440
JUNGLE,2,Hecarim,True,lilzSalmonella1,4.25,1673581351440
MIDDLE,5,Gangplank,True,BJ0RN,4.5,1673581351440
BOTTOM,0,Jinx,True,badussy4,1.6666666666666667,1673581351440
UTILITY,0,Thresh,True,poopiejenkins,2.5,1673581351440
TOP,3,Urgot,False,HK8779,3.3333333333333335,1673581351440
JUNGLE,0,Amumu,False,w6f,5,1673581351440
MIDDLE,0,Fizz,False,JewishProfessor,0.5555555555555556,1673581351440
BOTTOM,1,KogMaw,False,Bizness Sox,4,1673581351440
UTILITY,0,Lulu,False,harryxhei,1.6666666666666667,1673581351440
TOP,0,Yorick,True,Spuddz,5,1673579230605
JUNGLE,1,Amumu,True,w6f,23,1673579230605
MIDDLE,2,Varus,True,SiKEXx,3.6666666666666665,1673579230605
BOTTOM,0,Heimerdinger,True,Fah Hah Got,3.4,1673579230605
UTILITY,0,Nautilus,True,PlzDontTellMyMom,2.8,1673579230605
TOP,0,Kayle,False,fizzyfunkyDonkey,1.75,1673579230605
JUNGLE,1,LeeSin,False,Lil Markush,2.3333333333333335,1673579230605
MIDDLE,0,Azir,False,Recreator,0.8571428571428571,1673579230605
BOTTOM,1,Jinx,False,Hermit Crabz,1.8571428571428572,1673579230605
UTILITY,0,Thresh,False,Rollatoke,1.5,1673579230605
TOP,6,Urgot,True,CocoLily,9,1673576515024
JUNGLE,0,Mordekaiser,True,w6f,5.75,1673576515024
MIDDLE,0,Veigar,True,The Lion Trees,2.375,1673576515024
BOTTOM,0,Caitlyn,True,Maghdanos123,1.5454545454545454,1673576515024
UTILITY,0,MissFortune,True,Antibus,1.875,1673576515024
TOP,0,Gnar,False,JediVacation,1.375,1673576515024
JUNGLE,0,Vi,False,ViewtifulArt,2.625,1673576515024
MIDDLE,0,Malzahar,False,MrScoobi,1.1666666666666667,1673576515024
BOTTOM,1,Tristana,False,JayPan,2.75,1673576515024
UTILITY,0,Renata,False,Spice 1 Wetto,3.7142857142857144,1673576515024
TOP,2,Poppy,False,Mankiez,1,1673574785913
JUNGLE,4,LeeSin,False,pls no mad,1.5,1673574785913
MIDDLE,2,Neeko,False,Need Raka Mommy,1.25,1673574785913
BOTTOM,1,Kaisa,False,DeezFoo,0.8333333333333334,1673574785913
UTILITY,0,FiddleSticks,False,ratand,0.4444444444444444,1673574785913
TOP,0,Urgot,True,LoudCIaw,0.25,1673574785913
JUNGLE,1,Amumu,True,w6f,3.3333333333333335,1673574785913
MIDDLE,5,Vladimir,True,ADCBeastcarry,3,1673574785913
BOTTOM,0,Jhin,True,tedros hussein,8,1673574785913
UTILITY,1,Pyke,True,ExtremistRs,5,1673574785913
TOP,6,Nasus,False,Borghatzex,1.6666666666666667,1673572019663
JUNGLE,0,Amumu,False,w6f,2.4444444444444446,1673572019663
MIDDLE,1,Malzahar,False,Fallen Impact,1.8571428571428572,1673572019663
BOTTOM,1,Xayah,False,Starlight03,2.3,1673572019663
UTILITY,1,Karma,False,ZacCim,3.375,1673572019663
TOP,1,Gangplank,True,Irohs Tea,2.4545454545454546,1673572019663
JUNGLE,2,Elise,True,Jhin Cárry ,3.6666666666666665,1673572019663
MIDDLE,0,Ziggs,True,MRTFSTONE,7.666666666666667,1673572019663
BOTTOM,0,Draven,True,Axes v9,1.8461538461538463,1673572019663
UTILITY,0,Nautilus,True,TSL Myth ,2.6,1673572019663
TOP,1,DrMundo,False,Colokillzz,1,1673563718731
JUNGLE,0,Amumu,False,w6f,2.8,1673563718731
MIDDLE,0,Viktor,False,wowurdoggy,7,1673563718731
BOTTOM,1,Tristana,False,TLFWAV,1.4285714285714286,1673563718731
UTILITY,1,Pantheon,False,RÂFÆŁ,1.6,1673563718731
TOP,1,Yorick,True,MuffledGarbage,8,1673563718731
JUNGLE,0,Belveth,True,KlayauTTV,4,1673563718731
MIDDLE,1,Ryze,True,The Blue Comet,1.4285714285714286,1673563718731
BOTTOM,0,Xayah,True,WeG,2.1666666666666665,1673563718731
UTILITY,0,Zyra,True,seguraphilip,2.8,1673563718731
TOP,2,Fiora,False,kamisama8,2,1673560851184
JUNGLE,0,Amumu,False,w6f,8.5,1673560851184
MIDDLE,1,Yasuo,False,ButtJuice69,1.5,1673560851184
BOTTOM,0,Ezreal,False,armpaso,2.75,1673560851184
UTILITY,0,Nami,False,Tiikeri,2.6,1673560851184
TOP,0,Garen,True,DuckohBro,2.2,1673560851184
JUNGLE,1,Jax,True,singularily,1.4,1673560851184
MIDDLE,4,Nocturne,True,brqndqn,5.666666666666667,1673560851184
BOTTOM,0,Samira,True,Akoth ,2.2,1673560851184
UTILITY,0,Renata,True,DeadshotDaiquiri,4.333333333333333,1673560851184
TOP,4,Teemo,True,REEL IT IN,2.25,1673555642386
JUNGLE,2,Amumu,True,w6f,3.5,1673555642386
MIDDLE,2,TwistedFate,True,ChillVI,1.7777777777777777,1673555642386
BOTTOM,2,Ezreal,True,Ezreal Abuser,6,1673555642386
UTILITY,5,Morgana,True,zvijer84,5.8,1673555642386
TOP,2,Ryze,False,SirBananaShadow,1.5,1673555642386
JUNGLE,2,Shaco,False,WeWentOverThis,1.8181818181818181,1673555642386
MIDDLE,1,Tryndamere,False,diaz1211,1.2,1673555642386
BOTTOM,0,Jhin,False,Avitches,1.8,1673555642386
UTILITY,0,Lux,False,SenateSeicks,1.125,1673555642386
TOP,1,Irelia,False,sheep shearer ,0.5714285714285714,1673553399168
JUNGLE,0,Graves,False,dripking ruth,3,1673553399168
MIDDLE,0,Akali,False,Andersine,2.8333333333333335,1673553399168
BOTTOM,1,Nilah,False,bigkiller12970,0.9285714285714286,1673553399168
UTILITY,0,Lux,False,Steve merkle,2,1673553399168
TOP,8,Mordekaiser,True,knocked77,1.8571428571428572,1673553399168
JUNGLE,2,Amumu,True,w6f,7.333333333333333,1673553399168
MIDDLE,1,Velkoz,True,Chromesthesia,8,1673553399168
BOTTOM,0,Twitch,True,Fiyah Blastah,2.3333333333333335,1673553399168
UTILITY,0,Yuumi,True,RuinedYourMatch,4.2,1673553399168
TOP,4,TahmKench,True,Nyeeettttttt,7.5,1673551263409
JUNGLE,0,Amumu,True,w6f,3.3333333333333335,1673551263409
MIDDLE,3,Ahri,True,Manbola,6,1673551263409
BOTTOM,0,Ashe,True,Yar02,11,1673551263409
UTILITY,1,Senna,True,Epicstriker35,8.5,1673551263409
TOP,0,Chogath,False,Majin ChoGath,0.2222222222222222,1673551263409
JUNGLE,0,Udyr,False,BackshotsForever,1.5,1673551263409
MIDDLE,1,KogMaw,False,Ososan,0.8571428571428571,1673551263409
BOTTOM,1,Nilah,False,NözömÏ,0.42857142857142855,1673551263409
UTILITY,0,Soraka,False,FrontsideFistMe,1.25,1673551263409
TOP,1,Ornn,True,ThatWelsh,1.8333333333333333,1673549269854
JUNGLE,0,Khazix,True,robtherobberr,4,1673549269854
MIDDLE,5,Pantheon,True,GreenTiger5,5,1673549269854
BOTTOM,0,Ezreal,True,FreeTShirtss,5.666666666666667,1673549269854
UTILITY,0,Bard,True,That0neguyy,6.666666666666667,1673549269854
TOP,3,Volibear,False,RaMFkD,1.1666666666666667,1673549269854
JUNGLE,0,Amumu,False,w6f,2,1673549269854
MIDDLE,6,Katarina,False,rip lotus,1.4285714285714286,1673549269854
BOTTOM,0,Caitlyn,False,Dreadtuna,1,1673549269854
UTILITY,0,Maokai,False,Kate Upton,1.5,1673549269854
TOP,2,Kled,True,Friar McYarn,10,1673547718574
JUNGLE,1,Amumu,True,Dave88217,7,1673547718574
MIDDLE,0,Varus,True,3jin,1,1673547718574
BOTTOM,1,MissFortune,True,Pen5,3.25,1673547718574
UTILITY,0,Zyra,True,SixPiece6P,8,1673547718574
TOP,0,Zac,False,Ndorgiann,0.3333333333333333,1673547718574
JUNGLE,1,Mordekaiser,False,w6f,4,1673547718574
MIDDLE,0,Annie,False,YUNG CHO,3,1673547718574
BOTTOM,0,Jhin,False,Flowah,0.125,1673547718574
UTILITY,0,Yuumi,False,Smiley Quokka,1.6,1673547718574
TOP,1,Warwick,True,Lt Tyrannosaurus,0.5,1673546268141
JUNGLE,2,Amumu,True,w6f,7,1673546268141
MIDDLE,4,Talon,True,3221397827,10,1673546268141
BOTTOM,0,Ezreal,True,FeedTheGrave,8,1673546268141
UTILITY,0,Morgana,True,Trail Of Corpses,2.25,1673546268141
TOP,3,Pantheon,False,AlphaBlue69,2,1673546268141
JUNGLE,0,Vi,False,Rasih,1,1673546268141
MIDDLE,0,Viktor,False,xDurann,0.14285714285714285,1673546268141
BOTTOM,0,Lucian,False,bluecough,1.3333333333333333,1673546268141
UTILITY,0,Seraphine,False,Aroilith,0.6666666666666666,1673546268141
TOP,0,Teemo,False,BoTheSmart,0,1673545783166
JUNGLE,0,Amumu,False,w6f,0,1673545783166
MIDDLE,0,Zed,False,3221397827,0,1673545783166
BOTTOM,0,Jhin,False,Gunzor007,0,1673545783166
UTILITY,0,Morgana,False,shootDK,0,1673545783166
TOP,0,Garen,True,BravoHotelPapa,0,1673545783166
JUNGLE,0,Shaco,True,The Toga Boy,0,1673545783166
MIDDLE,0,Diana,True,gCrimes,0,1673545783166
BOTTOM,0,Kaisa,True,Case1019,0,1673545783166
UTILITY,0,Maokai,True,Ayobrø,0,1673545783166
TOP,0,Pantheon,False,KuhliLoach,1,1673543947845
JUNGLE,0,Darius,False,4liCor3,0.8571428571428571,1673543947845
MIDDLE,0,Karma,False,EatinBeaver,1.1428571428571428,1673543947845
BOTTOM,1,MissFortune,False,ILoseLaneAndGame,0.9,1673543947845
UTILITY,0,Pyke,False,19Kashax97,1.5714285714285714,1673543947845
TOP,1,Garen,True,God King Morde,2.75,1673543947845
JUNGLE,0,Amumu,True,w6f,9.5,1673543947845
MIDDLE,4,Katarina,True,GreenTiger5,27,1673543947845
BOTTOM,1,Jhin,True,Doomsvales,2.8,1673543947845
UTILITY,0,Maokai,True,Ayobrø,5.5,1673543947845
TOP,6,Pantheon,True,LilW0nton,3.8333333333333335,1673541163298
JUNGLE,2,Udyr,True,Pr0cure,5.5,1673541163298
MIDDLE,0,Brand,True,boxstand,1.1,1673541163298
BOTTOM,3,Karthus,True,who axed,2.3636363636363638,1673541163298
UTILITY,0,Lux,True,Nasalwharf2,1.1428571428571428,1673541163298
TOP,5,Irelia,False,PPC19,2.2222222222222223,1673541163298
JUNGLE,1,Evelynn,False,w6f,1.875,1673541163298
MIDDLE,9,Fizz,False,Wardless,3.6666666666666665,1673541163298
BOTTOM,1,Jinx,False,TheOriginGlitch,1.7777777777777777,1673541163298
UTILITY,0,Soraka,False,VanessaThyGreat,2.1818181818181817,1673541163298
TOP,1,Kled,False,Friar McYarn,0.875,1673538425911
JUNGLE,0,Udyr,False,Norm131,2.5,1673538425911
MIDDLE,5,Katarina,False,KATevoNA12,1.4166666666666667,1673538425911
BOTTOM,3,Lucian,False,xXpistolpXx,2,1673538425911
UTILITY,0,Nautilus,False,UrdnotGoosling,1.2222222222222223,1673538425911
TOP,4,Gwen,True,fzjbpdgu,5.2,1673538425911
JUNGLE,0,Amumu,True,w6f,6,1673538425911
MIDDLE,4,Zed,True,blacktricity,8.666666666666666,1673538425911
BOTTOM,2,Jinx,True,MastaDope,2.875,1673538425911
UTILITY,0,Thresh,True,Patrîck Bateman,3.25,1673538425911
TOP,0,Teemo,False,chugginmonk,2,1673400112871
JUNGLE,1,Amumu,False,w6f,4.5,1673400112871
MIDDLE,3,Sylas,False,unrank2iron,2.5,1673400112871
BOTTOM,1,Xayah,False,LightnLuv,0.9166666666666666,1673400112871
UTILITY,2,Xerath,False,Professor Thresh,2.142857142857143,1673400112871
TOP,0,Chogath,True,Jysk,2.8333333333333335,1673400112871
JUNGLE,1,Rammus,True,dogboy,9,1673400112871
MIDDLE,5,Ekko,True,Ampstar,1.1,1673400112871
BOTTOM,1,Ashe,True,Akacl,3.8333333333333335,1673400112871
UTILITY,0,Janna,True,Geraldina,3,1673400112871
TOP,3,Olaf,False,etakn,0.75,1673391978560
JUNGLE,0,Rammus,False,Racondragon,1.5,1673391978560
MIDDLE,3,Akali,False,Tahmaye,1.3333333333333333,1673391978560
BOTTOM,1,Varus,False,yesyesimCT,2,1673391978560
UTILITY,0,Swain,False,RoyalCY,1,1673391978560
TOP,1,Darius,True,BLANKREZREO,1.8571428571428572,1673391978560
JUNGLE,4,Amumu,True,w6f,11.5,1673391978560
MIDDLE,1,Lux,True,luxuryxx,2.875,1673391978560
BOTTOM,0,Tristana,True,Dufaloid,4.5,1673391978560
UTILITY,0,Maokai,True,Verified Ninja,7,1673391978560
TOP,0,Jax,False,Fishtunacookies,0.3333333333333333,1673390395755
JUNGLE,0,Amumu,False,w6f,0.75,1673390395755
MIDDLE,1,Lux,False,Trump1,2.5,1673390395755
BOTTOM,0,MissFortune,False,Trickyouu,0.5,1673390395755
UTILITY,0,Swain,False,Ravine420,1.3333333333333333,1673390395755
TOP,7,Kayle,True,qorvy,11,1673390395755
JUNGLE,0,Belveth,True,Metreeone,6,1673390395755
MIDDLE,0,DrMundo,True,Wllettert,5,1673390395755
BOTTOM,1,Jhin,True,Divine 00,5,1673390395755
UTILITY,1,Pyke,True,EX0TICSM0KE2008,4.333333333333333,1673390395755
TOP,4,Gwen,False,NoI,1.75,1673386080706
JUNGLE,0,Amumu,False,w6f,2.125,1673386080706
MIDDLE,0,Kled,False,YesLettuce,1.5,1673386080706
BOTTOM,0,Caitlyn,False,Princësss 02,0.75,1673386080706
UTILITY,3,Sona,False,GoDoDiamondNow,3.5,1673386080706
TOP,1,Nocturne,True,Jawred,2,1673386080706
JUNGLE,4,Diana,True,MopiE,4.166666666666667,1673386080706
MIDDLE,2,Pantheon,True,JohnnyJostar,2.8333333333333335,1673386080706
BOTTOM,1,Draven,True,Zhang Fuqiang,2.142857142857143,1673386080706
UTILITY,0,Thresh,True,MasonCheng,3.8333333333333335,1673386080706
TOP,5,Gragas,True,FreshlyRoasted,12,1673384582958
JUNGLE,0,Amumu,True,w6f,9,1673384582958
MIDDLE,2,Katarina,True,Koteka,2.6666666666666665,1673384582958
BOTTOM,0,Tristana,True,ItzahTrick,1.25,1673384582958
UTILITY,0,Rell,True,VontePanda,2,1673384582958
TOP,0,Shen,False,hanssi,0.6,1673384582958
JUNGLE,0,Maokai,False,San Holo Queue,2.5,1673384582958
MIDDLE,3,Pantheon,False,Chookity Pok,1,1673384582958
BOTTOM,0,Jhin,False,LAZ4RUS,4,1673384582958
UTILITY,0,Soraka,False,9bob9,2.6666666666666665,1673384582958
TOP,1,Mordekaiser,False,SiL19,2.2857142857142856,1673379808434
JUNGLE,0,Viego,False,9796,2,1673379808434
MIDDLE,3,Zed,False,kccuF League,1.1,1673379808434
BOTTOM,0,Kaisa,False,Araidis,3.6,1673379808434
UTILITY,0,Alistar,False,Kpopuwu,2.1,1673379808434
TOP,1,Teemo,True,eassxmzu,2.125,1673379808434
JUNGLE,1,Amumu,True,w6f,5,1673379808434
MIDDLE,2,Malzahar,True,EIProfessor,3.142857142857143,1673379808434
BOTTOM,2,Tristana,True,AuroraFang,7,1673379808434
UTILITY,0,Ashe,True,MuscleNerd91,2.5,1673379808434
TOP,0,Tryndamere,False,DasBaron,2,1673369323291
JUNGLE,0,Jax,False,EvilP0tat0,1.6666666666666667,1673369323291
MIDDLE,0,Varus,False,SpadeTeddy,0.5,1673369323291
BOTTOM,1,Tristana,False,L9 Igami,0.5,1673369323291
UTILITY,0,Morgana,False,Sir Salty Gary,0.5714285714285714,1673369323291
TOP,1,Warwick,True,Jaaacques,0.6666666666666666,1673369323291
JUNGLE,0,Amumu,True,w6f,6,1673369323291
MIDDLE,1,Ziggs,True,malignant mind,11,1673369323291
BOTTOM,2,Caitlyn,True,MeterStick,7,1673369323291
UTILITY,0,Senna,True,urctkj,4.666666666666667,1673369323291
TOP,3,Fiora,False,SB Pabst,2.75,1673366962572
JUNGLE,1,Belveth,False,ZAGREUS121,0.5384615384615384,1673366962572
MIDDLE,1,Neeko,False,AmnCynn,1,1673366962572
BOTTOM,1,Ashe,False,AdiliH,0.5,1673366962572
UTILITY,0,Nautilus,False,UGLYNAUTILUS,0.5555555555555556,1673366962572
TOP,6,Volibear,True,xji0,3.25,1673366962572
JUNGLE,2,Amumu,True,w6f,20,1673366962572
MIDDLE,1,Veigar,True,DChowda,3,1673366962572
BOTTOM,2,Caitlyn,True,NA Primatologist,6.5,1673366962572
UTILITY,0,Morgana,True,stalkerisbestgae,8.333333333333334,1673366962572
TOP,8,Garen,False,rdxj,2.4,1673364929467
JUNGLE,0,Graves,False,Kami Slayer,0.42857142857142855,1673364929467
MIDDLE,2,Zoe,False,CobraKOI,0.8,1673364929467
BOTTOM,1,Zeri,False,Deaths Fursona,0.75,1673364929467
UTILITY,0,Malzahar,False,Horrow,0.45454545454545453,1673364929467
TOP,3,Rengar,True,AlexIsHypeXL,0.8,1673364929467
JUNGLE,4,Evelynn,True,w6f,17,1673364929467
MIDDLE,1,Velkoz,True,Grease,3.75,1673364929467
BOTTOM,1,Caitlyn,True,MonkeyLarva,5.333333333333333,1673364929467
UTILITY,0,Nautilus,True,TrevIsAPr1ck,9.5,1673364929467
TOP,1,Shen,False,Quietstorm77,2.6666666666666665,1673361642101
JUNGLE,2,Amumu,False,w6f,2.75,1673361642101
MIDDLE,1,Katarina,False,tempwobzirkqcbmv,1.4,1673361642101
BOTTOM,0,Ezreal,False,PrMulido,1.8333333333333333,1673361642101
UTILITY,1,Varus,False,king of gold,1.2,1673361642101
TOP,0,Nasus,True,LOVS2SPWGE,1,1673361642101
JUNGLE,0,Rengar,True,lTeemo,4.333333333333333,1673361642101
MIDDLE,2,Warwick,True,BiGnBuehrle,1.875,1673361642101
BOTTOM,1,Nilah,True,Neray,5,1673361642101
UTILITY,0,Shaco,True,Regular Ward,9,1673361642101
TOP,0,Fiora,False,SB Pabst,1,1673315036900
JUNGLE,3,Nocturne,False,AceJack702,3.2,1673315036900
MIDDLE,2,Malphite,False,Quicklymon,4,1673315036900
BOTTOM,1,Ashe,False,MonkeyAss,1.1666666666666667,1673315036900
UTILITY,0,Blitzcrank,False,DriVidi,1.2857142857142858,1673315036900
TOP,3,Swain,True,xiaopi,19,1673315036900
JUNGLE,0,Amumu,True,w6f,3.4,1673315036900
MIDDLE,0,Syndra,True,jawnnn snow ,0.3333333333333333,1673315036900
BOTTOM,1,Ezreal,True,Frosty ID,4.666666666666667,1673315036900
UTILITY,0,Brand,True,aetheriums,4.333333333333333,1673315036900
TOP,0,Shen,False,Notoriosnooblet,1,1673313012121
JUNGLE,2,Karthus,False,BananasAreTrash,1,1673313012121
MIDDLE,0,Viktor,False,kukiemonster,2.3333333333333335,1673313012121
BOTTOM,0,Vayne,False,hj811,1.3333333333333333,1673313012121
UTILITY,0,Pantheon,False,ErrectShaft,1.7142857142857142,1673313012121
TOP,3,Kayle,True,DragonFoxWolf,12,1673313012121
JUNGLE,2,Amumu,True,w6f,7.5,1673313012121
MIDDLE,1,Illaoi,True,Anzalfreg,0.4,1673313012121
BOTTOM,0,Ezreal,True,winneble,3.2,1673313012121
UTILITY,2,DrMundo,True,M3etamophosis,4.75,1673313012121
TOP,2,Tryndamere,True,Made In USA,1,1673240394403
JUNGLE,2,Zac,True,w6f,4.142857142857143,1673240394403
MIDDLE,3,Yone,True,Buppy,1.2142857142857142,1673240394403
BOTTOM,1,Nilah,True,Tylyse,3.875,1673240394403
UTILITY,0,Velkoz,True,Fragon,5.142857142857143,1673240394403
TOP,4,Quinn,False,Riustienamal,1.8333333333333333,1673240394403
JUNGLE,3,FiddleSticks,False,DEEEEKill,3.375,1673240394403
MIDDLE,1,Annie,False,Hi Im Pup Pup,5,1673240394403
BOTTOM,0,Varus,False,XxNyxHades,2,1673240394403
UTILITY,0,Amumu,False,Dontclingon,1.7692307692307692,1673240394403
TOP,5,Ekko,False,WildNinja,4.2,1673237862404
JUNGLE,0,Maokai,False,Tabler,2.888888888888889,1673237862404
MIDDLE,0,Katarina,False,KatNDaxter,1.5,1673237862404
BOTTOM,3,Ezreal,False,ndopp39,2.090909090909091,1673237862404
UTILITY,3,Lillia,False,Whitewolf600,1.5714285714285714,1673237862404
TOP,1,Tryndamere,True,Lagcrahm,0.6153846153846154,1673237862404
JUNGLE,4,Evelynn,True,w6f,2.625,1673237862404
MIDDLE,0,Azir,True,ThatRandomPie,3.3333333333333335,1673237862404
BOTTOM,4,Tristana,True,Sezrao,2.8181818181818183,1673237862404
UTILITY,0,Heimerdinger,True,OkanaganToboggan,2.7777777777777777,1673237862404
TOP,2,Aatrox,False,ChrisWavy,0.5,1673236314778
JUNGLE,1,Mordekaiser,False,w6f,1.3333333333333333,1673236314778
MIDDLE,1,Pantheon,False,CorruptedKnight,0.8,1673236314778
BOTTOM,0,Zeri,False,Edtrio,0.5714285714285714,1673236314778
UTILITY,0,Lux,False,Aaronspf,0.8,1673236314778
TOP,1,Yorick,True,CrazyCoughfer,6,1673236314778
JUNGLE,2,Shyvana,True,Fyshback,8.5,1673236314778
MIDDLE,3,Qiyana,True,CrossfireJ,2.25,1673236314778
BOTTOM,0,Ezreal,True,HilClinton,8.5,1673236314778
UTILITY,0,Zilean,True,x Sign Here,6.5,1673236314778
TOP,0,Udyr,False,XYSniper,0,1673235830040
JUNGLE,0,Amumu,False,w6f,0,1673235830040
MIDDLE,0,Heimerdinger,False,mmkranz7,0,1673235830040
,0,Caitlyn,False,soy tu compañere,0,1673235830040
UTILITY,0,Brand,False,SigmaChadTeemo3,0,1673235830040
TOP,0,Riven,True,STRUGLING AUTHOR,0,1673235830040
JUNGLE,0,Darius,True,Bigdaddydangdang,0,1673235830040
MIDDLE,0,Fizz,True,Enderthe1st,0,1673235830040
BOTTOM,0,Twitch,True,Cadman,0,1673235830040
UTILITY,0,Blitzcrank,True,lrsdranger,0,1673235830040
TOP,4,Nilah,False,gimmiegothgirls,1.4285714285714286,1673232598600
JUNGLE,2,Evelynn,False,w6f,3,1673232598600
MIDDLE,0,Ahri,False,bald monk,0.5454545454545454,1673232598600
BOTTOM,2,MissFortune,False,TSS Veleron II,1.2222222222222223,1673232598600
UTILITY,0,Amumu,False,TacticalBunnyy,1.75,1673232598600
TOP,1,Volibear,True,getinmyface,1.8,1673232598600
JUNGLE,2,Zac,True,Nairuuu,3.75,1673232598600
MIDDLE,7,Tristana,True,leana owns me,3.25,1673232598600
BOTTOM,1,Caitlyn,True,TorchingPyro,3,1673232598600
UTILITY,0,Janna,True,JRL Gravity,1.6666666666666667,1673232598600
TOP,1,Heimerdinger,True,Donhavex,10,1673229828622
JUNGLE,1,Amumu,True,w6f,7.5,1673229828622
MIDDLE,1,Kassadin,True,Cutiezonly,10,1673229828622
BOTTOM,3,Twitch,True,Polish Pimp,6.75,1673229828622
UTILITY,0,Pantheon,True,I Live In IronIV,14,1673229828622
TOP,1,DrMundo,False,WurstGoat,1.1666666666666667,1673229828622
JUNGLE,1,Nocturne,False,sallenx7,0.6,1673229828622
MIDDLE,0,KSante,False,Hellgross,0.2222222222222222,1673229828622
BOTTOM,0,Zilean,False,XexisKhan,0.6666666666666666,1673229828622
UTILITY,0,Teemo,False,em susu,0.75,1673229828622
TOP,0,Yorick,True,Suppa Gremlen,1,1673227851426
JUNGLE,0,Amumu,True,w6f,9,1673227851426
MIDDLE,4,Syndra,True,DvSchris,13,1673227851426
BOTTOM,2,Tristana,True,OrangeSalad,3.3333333333333335,1673227851426
UTILITY,1,Senna,True,GoneGone,7.5,1673227851426
TOP,1,Kayle,False,T900x,2,1673227851426
JUNGLE,0,DrMundo,False,TheRedBear11,1.3333333333333333,1673227851426
MIDDLE,0,Leblanc,False,MjotTheInhaler,0.3333333333333333,1673227851426
BOTTOM,1,Jinx,False,truelax21,1,1673227851426
UTILITY,0,Leona,False,ChrisEdgeworth,0.4,1673227851426
TOP,1,Quinn,False,Elvin Cent,1.1,1673224618378
JUNGLE,0,FiddleSticks,False,Aint That Cute,1.125,1673224618378
MIDDLE,0,Shyvana,False,Dontgettiltedboi,1.6666666666666667,1673224618378
BOTTOM,0,Udyr,False,DASCrunk,1.2857142857142858,1673224618378
UTILITY,0,Sona,False,wackywilly,1.3333333333333333,1673224618378
TOP,5,Darius,True,ltsurge1000,2.5,1673224618378
JUNGLE,0,Amumu,True,w6f,6,1673224618378
MIDDLE,0,Zed,True,VinAF,18,1673224618378
BOTTOM,0,Jinx,True,famouxz,1.75,1673224618378
UTILITY,2,Lux,True,YamiSsukehiro,9.333333333333334,1673224618378
TOP,3,Garen,True,souldux,2.5,1673222479180
JUNGLE,2,FiddleSticks,True,yyeapp,3.6,1673222479180
MIDDLE,3,Aatrox,True,Qenkai,2.5,1673222479180
BOTTOM,4,Ezreal,True,Usul Muad Dib,3,1673222479180
UTILITY,0,Brand,True,Salvatore1923,3.8,1673222479180
TOP,5,Jax,False,nikkapls,1.5,1673222479180
JUNGLE,4,Mordekaiser,False,w6f,1.7142857142857142,1673222479180
MIDDLE,2,Lux,False,SharkNaDan,1.1818181818181819,1673222479180
BOTTOM,1,Twitch,False,ImArtificial2,2,1673222479180
UTILITY,0,Velkoz,False,DutchedOven,0.8461538461538461,1673222479180
TOP,4,Ekko,True,Vesuvius ,1.6,1673220878598
JUNGLE,0,Evelynn,True,w6f,6,1673220878598
MIDDLE,0,Ahri,True,kuzmack,2,1673220878598
BOTTOM,0,Varus,True,Still here,2.5,1673220878598
UTILITY,0,Jhin,True,Dáds Boyfriend,3,1673220878598
TOP,0,Gangplank,False,miakhalifa420,0.8333333333333334,1673220878598
JUNGLE,0,Udyr,False,Zevaris,1,1673220878598
MIDDLE,2,Akali,False,Metro Boom1ng,5,1673220878598
BOTTOM,0,Samira,False,Riot Zeronena,1.5,1673220878598
UTILITY,1,Maokai,False,NotoriousGLD,3,1673220878598
TOP,1,Tryndamere,True,Real Hydrogen,1.4285714285714286,1673154620920
JUNGLE,0,Amumu,True,w6f,7,1673154620920
MIDDLE,0,Vex,True,GGTeazy,3.3333333333333335,1673154620920
BOTTOM,5,Tristana,True,DiyMa,10.333333333333334,1673154620920
UTILITY,5,Akshan,True,Comeuppance Time,3.727272727272727,1673154620920
TOP,3,Fiora,False,Franucus,0.8666666666666667,1673154620920
JUNGLE,0,Trundle,False,Prince Polo,1.2,1673154620920
MIDDLE,1,Taliyah,False,r3pT,1.4545454545454546,1673154620920
BOTTOM,2,MissFortune,False,theycallmerush,1.75,1673154620920
UTILITY,1,DrMundo,False,HaploXar,1.5,1673154620920
TOP,2,Renekton,False,vegman,1.4,1673152527478
JUNGLE,0,Sejuani,False,ptitgab28,1.6666666666666667,1673152527478
MIDDLE,2,Akali,False,llCalixll,2.75,1673152527478
BOTTOM,0,Caitlyn,False,fartsniffah,0.3333333333333333,1673152527478
UTILITY,0,Nami,False,Booger Rock,1,1673152527478
TOP,0,DrMundo,True,SettoKaiiba,1.2,1673152527478
JUNGLE,3,Amumu,True,w6f,7,1673152527478
MIDDLE,2,Zed,True,MIdistaken,1.6,1673152527478
BOTTOM,0,Vayne,True,Jonny Maniac,3.3333333333333335,1673152527478
UTILITY,0,Soraka,True,ProjectKanna,4.333333333333333,1673152527478
TOP,0,Camille,False,Eyoc,0,1673150691655
JUNGLE,0,Kindred,False,Kano207,0,1673150691655
MIDDLE,1,Illaoi,False,tadrosjs,0.1111111111111111,1673150691655
BOTTOM,0,Seraphine,False,ChilaKillahs,0,1673150691655
UTILITY,0,Taric,False,lioke1,0,1673150691655
TOP,1,Zac,True,DReavis878,10,1673150691655
JUNGLE,1,Amumu,True,w6f,24,1673150691655
MIDDLE,2,Lux,True,PenGGuin,14,1673150691655
BOTTOM,1,Kaisa,True,FamousPotato,19,1673150691655
UTILITY,0,Renata,True,AlpaSirSheep,2,1673150691655
TOP,9,Sett,False,veryspoopi,1.6923076923076923,1673147247994
JUNGLE,1,Nocturne,False,NecroTrix,1.5,1673147247994
MIDDLE,8,Akshan,False,menace71,0.8888888888888888,1673147247994
BOTTOM,0,Zeri,False,ConfuzzledMac,1,1673147247994
UTILITY,0,Heimerdinger,False,KuVyOGpHabjeb,0.875,1673147247994
TOP,2,DrMundo,True,Kjarnik,6.2,1673147247994
JUNGLE,8,Evelynn,True,w6f,5.285714285714286,1673147247994
MIDDLE,1,Sylas,True,thecrusader75,7.4,1673147247994
BOTTOM,0,MissFortune,True,Myriam,2.0833333333333335,1673147247994
UTILITY,0,Morgana,True,Kungfoofighter20,2.090909090909091,1673147247994
TOP,0,Gangplank,False,LightApples,0,1673145863518
JUNGLE,2,Mordekaiser,False,w6f,3,1673145863518
MIDDLE,0,Viktor,False,Skrt Man,1,1673145863518
BOTTOM,1,Ezreal,False,EimiLoveFukada,0.6666666666666666,1673145863518
UTILITY,0,Amumu,False,JonBonesJone,0.2,1673145863518
TOP,7,Aatrox,True,Liusixsix,7,1673145863518
JUNGLE,0,Kayn,True,ReklessRem,3,1673145863518
MIDDLE,0,Yasuo,True,eojnzum,3,1673145863518
BOTTOM,0,Draven,True,UGNG,7,1673145863518
UTILITY,0,Nautilus,True,Goldblud,4,1673145863518
TOP,1,DrMundo,False,So Sng,1.75,1673144003476
JUNGLE,2,Evelynn,False,w6f,2.1666666666666665,1673144003476
MIDDLE,0,Yone,False,Asunaexe,1,1673144003476
BOTTOM,1,Tristana,False,d0teD,1.375,1673144003476
UTILITY,0,Lulu,False,queen of skyone,1.2727272727272727,1673144003476
TOP,1,Darius,True,Out of 11,1.5,1673144003476
JUNGLE,2,MonkeyKing,True,ChrismaLA,3,1673144003476
MIDDLE,1,Malzahar,True,MohamedGamal999 ,2.5,1673144003476
BOTTOM,2,Ezreal,True,Meijerh20,4.5,1673144003476
UTILITY,0,Xerath,True,Getalife77,2.3333333333333335,1673144003476
TOP,5,Darius,True,HughBreeze007,2.3333333333333335,1673142333851
JUNGLE,3,Mordekaiser,True,w6f,2.6666666666666665,1673142333851
MIDDLE,3,Yone,True,Mazurashi,8,1673142333851
BOTTOM,0,Caitlyn,True,I R Tree,14,1673142333851
UTILITY,1,Heimerdinger,True,RonanSSBU,11,1673142333851
TOP,1,Jax,False,SNFL,0.6666666666666666,1673142333851
JUNGLE,1,Vi,False,ManaYan,0.8571428571428571,1673142333851
MIDDLE,0,Ashe,False,bulbulbalabel,0.2857142857142857,1673142333851
BOTTOM,0,Kalista,False,Chill its Ranked,0.5,1673142333851
UTILITY,0,Sona,False,ThisBrown Mans,1,1673142333851
TOP,0,Darius,False,Zaking747,1.6363636363636365,1673135649086
JUNGLE,0,Sejuani,False,kiknyoazz2,1.8181818181818181,1673135649086
MIDDLE,0,Yasuo,False,KingSlayerPayne,1.4166666666666667,1673135649086
BOTTOM,2,Jhin,False,ShotGunBlade,4.666666666666667,1673135649086
UTILITY,1,Lux,False,HazMat024,1,1673135649086
TOP,1,TahmKench,True,musclebomber,24,1673135649086
JUNGLE,4,Amumu,True,w6f,4.5,1673135649086
MIDDLE,2,Vex,True,esteguey23,3,1673135649086
BOTTOM,1,MissFortune,True,jbrkiler,1.3571428571428572,1673135649086
UTILITY,1,Pyke,True,MarkCarry,5.142857142857143,1673135649086
TOP,5,Nasus,True,Tºnës,6,1673132176834
JUNGLE,3,Amumu,True,w6f,16,1673132176834
MIDDLE,0,Velkoz,True,Feesimple,15,1673132176834
BOTTOM,0,Kaisa,True,Ferdiisabee,5.333333333333333,1673132176834
UTILITY,1,Jhin,True,fntastic mr nacl,3.6666666666666665,1673132176834
TOP,0,Shen,False,Artemis Archers,0.6666666666666666,1673132176834
JUNGLE,0,Vi,False,Tristan The God,0.42857142857142855,1673132176834
MIDDLE,0,Zed,False,lairoflair,0.25,1673132176834
BOTTOM,2,KogMaw,False,Blightskullie,0.7777777777777778,1673132176834
UTILITY,1,Karthus,False,IronKnightmare,1.2,1673132176834
TOP,2,Nasus,True,ƒıšh,2.2857142857142856,1673128983215
JUNGLE,4,Amumu,True,w6f,26,1673128983215
MIDDLE,2,Akali,True,HappyBourger,1.8333333333333333,1673128983215
BOTTOM,1,Caitlyn,True,BeastlyArrow33,3.6666666666666665,1673128983215
UTILITY,2,FiddleSticks,True,SeÑor NACHO,5.4,1673128983215
TOP,3,Jayce,False,ShhhhImBehindU,1.2222222222222223,1673128983215
JUNGLE,2,Kindred,False,GOAT500K,1.3,1673128983215
MIDDLE,1,Veigar,False,fktworld,1.8,1673128983215
BOTTOM,0,Xerath,False,DogLA213,0.8181818181818182,1673128983215
UTILITY,3,Nunu,False,Nakanoi,0.6153846153846154,1673128983215
TOP,2,Renekton,False,aatroxgangplank,0.25,1673126544247
JUNGLE,5,Evelynn,False,w6f,2.3333333333333335,1673126544247
MIDDLE,1,Yasuo,False,CosmicLeon,1.1,1673126544247
BOTTOM,2,Nilah,False,tooSimplyComplex,1.6363636363636365,1673126544247
UTILITY,1,Lux,False,Farts Often,1.5714285714285714,1673126544247
TOP,3,Aatrox,True,OPKnightfall19,5.75,1673126544247
JUNGLE,4,Amumu,True,Wood Support,7.25,1673126544247
MIDDLE,4,Anivia,True,JohnFumblee,6.5,1673126544247
BOTTOM,1,Jhin,True,Carnita88,0.9166666666666666,1673126544247
UTILITY,0,Sona,True,Superdiaaa,2,1673126544247
TOP,5,Fiora,True,Huy Shut Down,10,1673124815305
JUNGLE,0,Rammus,True,Ubachiball,5,1673124815305
MIDDLE,0,Ryze,True,Z3noa,7,1673124815305
BOTTOM,0,Xayah,True,KotorSupreme,3,1673124815305
UTILITY,1,Lux,True,Smeckless,12,1673124815305
TOP,0,KSante,False,whisper autos,0.16666666666666666,1673124815305
JUNGLE,0,Amumu,False,w6f,1,1673124815305
MIDDLE,0,Galio,False,Tamales21,0.3333333333333333,1673124815305
BOTTOM,1,Nilah,False,tooSimplyComplex,0.42857142857142855,1673124815305
UTILITY,0,Morgana,False,YaBoiCoal,0.3333333333333333,1673124815305
TOP,4,Darius,True,UnholyDeath4286,4,1673123226477
JUNGLE,0,Amumu,True,w6f,5.5,1673123226477
MIDDLE,5,Vex,True,MY TEAM IS BADd,4.5,1673123226477
BOTTOM,1,Corki,True,High on bushe,4.5,1673123226477
UTILITY,0,Annie,True,Davidmama,2.5,1673123226477
TOP,2,Volibear,False,derpyspider5880,0.42857142857142855,1673123226477
JUNGLE,0,Kayn,False,NotLogrui,0.75,1673123226477
MIDDLE,0,Twitch,False,LCPLxd,0.5714285714285714,1673123226477
BOTTOM,0,MissFortune,False,lnvaIid,1.3333333333333333,1673123226477
UTILITY,1,Lux,False,swaglawz,2,1673123226477
TOP,2,Fiora,True,Hooded Brethren,2.3333333333333335,1673118343456
JUNGLE,1,Amumu,True,w6f,4.6,1673118343456
MIDDLE,2,Akali,True,BigHaydo,4.4,1673118343456
BOTTOM,2,Seraphine,True,AverageTwix,4.666666666666667,1673118343456
UTILITY,0,Ashe,True,YouAreAllLuck,3,1673118343456
TOP,4,KSante,False,ELOGAHMAS,2.5714285714285716,1673118343456
JUNGLE,3,Rammus,False,masteryiboss90,2.5,1673118343456
MIDDLE,0,Yasuo,False,Ur Dookie,1.2222222222222223,1673118343456
BOTTOM,1,Kalista,False,Rémims,1.4444444444444444,1673118343456
UTILITY,0,Nami,False,Motrboatnsob,1.5,1673118343456
TOP,3,DrMundo,True,Bigyam1,6.666666666666667,1672984405761
JUNGLE,1,Vi,True,Fa Wanderer,4.333333333333333,1672984405761
MIDDLE,1,Lissandra,True,Might Reign,3,1672984405761
BOTTOM,0,Jhin,True,dømnt,6.25,1672984405761
UTILITY,2,Morgana,True,SuperSilhouette,3,1672984405761
TOP,1,Ornn,False,Amethyst Reaper,0.75,1672984405761
JUNGLE,0,Amumu,False,w6f,2,1672984405761
MIDDLE,1,Akali,False,her squishy ,0.8333333333333334,1672984405761
BOTTOM,0,Caitlyn,False,his squishy,1.4444444444444444,1672984405761
UTILITY,2,Pyke,False,MandTrule,1.1111111111111112,1672984405761
